*age	*biomaterial_provider	*organism	*sample_name	*sex	*tissue	bioproject_id	birth_date	birth_location	breed	breeding_history	breeding_method	cell_line	cell_subtype	cell_type	collected_by	collection_date	culture_collection	death_date	description	dev_stage	disease	disease_stage	genotype	geo_loc_name	growth_protocol	health_state	isolation_source	lat_lon	phenotype	sample_title	sample_type	specimen_voucher	store_cond	strain	stud_book_number	treatment
not available	not available	Agalma elegans	FEG0375	not available	gastrozooids																									HWI-ST625-75-D0PBDACXX-6-CGATGT						
not available	not available	Agalma elegans	FEG0376	not available	nectophores																									HWI-ST625-75-D0PBDACXX-6-TTAGGC						
not available	not available	Agalma elegans	FEG0377	not available	nectophores																									HWI-ST625-75-D0PBDACXX-6-GCCAAT						
not available	not available	Agalma elegans	FEG0378	not available	nectophores																									HWI-ST625-75-D0PBDACXX-6-CAGATC						
not available	not available	Agalma elegans	FEG0379	not available	gastrozooids																									HWI-ST625-75-D0PBDACXX-6-ACTTGA						
not available	not available	Agalma elegans	FEG0381	not available	gastrozooids																									HWI-ST625-75-D0PBDACXX-6-GATCAG						
not available	not available	Agalma elegans	FEG0371|FEG0372	not available	NGZ and SGZ																									HWI-ST625-73-C0JUVACXX-7-AGALMA						
not available	not available	Bargmannia elongata	FEG311|FEG312|FEG292|FEG295|FEG296	not available	mix																									HWI-ST625-51-C02UNACXX-8						
not available	not available	Nanomia bijuga	FEG298|FEG284|FEG283	not available	mix																									HWI-ST625-51-C02UNACXX-7						
not available	not available	Frillagalma vityazi	FEG291|FEG286|FEG309|FEG272|FEG276|FEG274	not available	mix																									HWI-ST625-51-C02UNACXX-6						
not available	not available	Physalia physalis	FEG0369	not available	whole animal w/o most of float																									HWI-ST625-73-C0JUVACXX-7-TTAGGC						
not available	not available	Bargmannia elongata	FEG292	not available	nectophores																									HWI-ST625-49-A81MCVABXX-6-CGATGT						
not available	not available	Bargmannia elongata	FEG293	not available	gastrozooids																									HWI-ST625-49-A81MCVABXX-6-TGACCA						
not available	not available	Bargmannia elongata	FEG294	not available	gastrozooids																									HWI-ST625-49-A81MCVABXX-6-ACAGTG						
not available	not available	Bargmannia elongata	FEG297	not available	gastrozooids																									HWI-ST625-49-A81MCVABXX-7-CTTGTA						
not available	not available	Bargmannia elongata	FEG295	not available	nectophores																									HWI-ST625-49-A81MCVABXX-7-GCCAAT						
not available	not available	Bargmannia elongata	FEG296	not available	nectophores																									HWI-ST625-49-A81MCVABXX-7-CAGATC						
not available	not available	Frillagalma vityazi	FEG272	not available	nectophores																									EAS1745-19-unknown-1-0						
not available	not available	Frillagalma vityazi	FEG273	not available	gastrozooids																									EAS1745-19-unknown-2-0						
not available	not available	Frillagalma vityazi	FEG274	not available	nectophores																									EAS1745-19-unknown-5-0						
not available	not available	Frillagalma vityazi	FEG275	not available	gastrozooids																									EAS1745-19-unknown-6-0						
not available	not available	Frillagalma vityazi	FEG276	not available	nectophores																									EAS1745-19-unknown-7-0						
not available	not available	Frillagalma vityazi	FEG277	not available	gastrozooids																									EAS1745-19-unknown-8-0						
not available	not available	Abylopsis tetragona	FEG339	not available	not available																									HWI-ST625-54-C026EACXX-6-ATCACG						
not available	not available	Abylopsis tetragona	FEG339	not available	not available																									HWI-ST625-54-C026EACXX-6						
not available	not available	Nanomia bijuga	FEG0374	not available	palpons																									HWI-ST625-75-D0PBDACXX-6-ATCACG						
not available	not available	Nanomia bijuga	FEG0380	not available	palpons																									HWI-ST625-75-D0PBDACXX-6-TGACCA						
not available	not available	Nanomia bijuga	FEG0382	not available	palpons																									HWI-ST625-75-D0PBDACXX-6-ACAGTG						
not available	not available	Nanomia bijuga	SS42	not available	nectophores																									EAS1745-0004-unknown-1-0						
not available	not available	Nanomia bijuga	SS43	not available	gastrozooids																									EAS1745-0004-unknown-2-0						
not available	not available	Nanomia bijuga	SS48	not available	nectophores																									EAS1745-0004-unknown-3-0						
not available	not available	Nanomia bijuga	SS49	not available	gastrozooids																									EAS1745-0004-unknown-6-0						
not available	not available	Nanomia bijuga	SS50	not available	nectophores																									EAS1745-0004-unknown-7-0						
not available	not available	Nanomia bijuga	SS51	not available	gastrozooids																									EAS1745-0004-unknown-8-0						
not available	not available	Apolemia sp.	FEG355	not available																										HWI-ST625-54-C026EACXX-6-TTAGGC						
not available	not available	Chelophyes appendiculata	FEG351	not available																										HWI-ST625-54-C026EACXX-6-ACAGTG						
not available	not available	Chuniphyes multidentata	FEG325	not available																										HWI-ST625-54-C026EACXX-6-GCCAAT						
not available	not available	Cordagalma sp.	FEG328	not available																										HWI-ST625-54-C026EACXX-6-CAGATC						
not available	not available	Craseoa lathetica	FEG327	not available																										HWI-ST625-54-C026EACXX-6-ACTTGA						
not available	not available	Diphyes dispar	Meghan Powers	not available																										HWI-ST625-54-C026EACXX-6-CTTGTA						
not available	not available	Erenna richardi	FEG356	not available																										HWI-ST625-54-C026EACXX-7-TAGCTT						
not available	not available	Forskalia asymmetrica	FEG357	not available																										HWI-ST625-54-C026EACXX-7-GGCTAC						
not available	not available	Hippopodius hippopus	FEG337	not available																										HWI-ST625-54-C026EACXX-8-ATCACG						
not available	not available	Kephyes ovata	FEG0367	not available	siphosome																									HWI-ST625-73-C0JUVACXX-7-ATCACG						
not available	not available	Lilyopsis fluoracantha	FEG344	not available																										HWI-ST625-54-C026EACXX-7-CGATGT						
not available	not available	Lychnagalma utricularia	FEG358	not available																										HWI-ST625-54-C026EACXX-8-TTAGGC						
not available	not available	Marrus claudanielis	FEG359	not available																										HWI-ST625-54-C026EACXX-7-TGACCA						
not available	not available	Physonect sp.	FEG348	not available																										HWI-ST625-54-C026EACXX-8-ACAGTG						
not available	not available	Prayidae D27SS7	FEG329	not available																										HWI-ST625-54-C026EACXX-7-GATCAG						
not available	not available	Prayidae D27D2	FEG354	not available																										HWI-ST625-54-C026EACXX-7-CTTGTA						
not available	not available	Resomia ornicephala	FEG341	not available																										HWI-ST625-54-C026EACXX-8-GCCAAT						
not available	not available	Rhizophysa filiformis	FEG322	not available																										HWI-ST625-54-C026EACXX-8-CAGATC						
not available	not available	Stephalia dilata	FEG350	not available																										HWI-ST625-54-C026EACXX-8-ACTTGA						
